"","Young vs HGPS","Young vs HGPS
(Fleischer et al., 2018)","DMSO vs Mocetinostat (Old fibroblast)"
"Pan markers",-0.129194640344729,0.0945403252915764,-2.91850935969694
"pF markers",0.105582918819442,0.193711819990169,-1.78756490714007
"Neuronal markers",0.124991480109357,-0.242595531826197,-3.85865482879564
"FC markers",0.158063371613147,-0.323973752791405,-3.10482514906523
"SN markers",-0.288859649621,-0.106822365870414,-2.9514744301745
